,page_number,per_page
0,,0
1,1.0,200
2,2.0,200
3,3.0,200
4,4.0,200
5,5.0,200
6,6.0,200
7,7.0,200
8,8.0,200
9,9.0,200
10,10.0,200
11,11.0,200
12,12.0,200
13,13.0,200
14,14.0,200
15,15.0,200
16,16.0,200
17,17.0,200
18,18.0,200
19,19.0,200
20,20.0,200
21,21.0,200
22,22.0,200
23,23.0,200
24,24.0,200
25,25.0,200
26,26.0,200
27,27.0,200
28,28.0,200
29,29.0,200
30,30.0,200
31,31.0,200
32,32.0,200
33,33.0,200
34,34.0,200
35,35.0,200
36,36.0,200
37,37.0,200
38,38.0,200
39,39.0,200
40,40.0,200
41,41.0,200
42,42.0,200
43,43.0,200
44,44.0,200
45,45.0,200
46,46.0,200
47,47.0,200
48,48.0,200
49,49.0,200
50,50.0,200
51,51.0,196
52,52.0,192
53,53.0,188
54,54.0,185
55,55.0,181
56,56.0,178
57,57.0,175
58,58.0,172
59,59.0,169
60,60.0,166
61,61.0,163
62,62.0,161
63,63.0,158
64,64.0,156
65,65.0,153
66,66.0,151
67,67.0,149
68,68.0,147
69,69.0,144
70,70.0,142
71,71.0,140
72,72.0,138
73,73.0,136
74,74.0,135
75,75.0,133
76,76.0,131
77,77.0,129
78,78.0,128
79,79.0,126
80,80.0,125
81,81.0,123
82,82.0,121
83,83.0,120
84,84.0,119
85,85.0,117
86,86.0,116
87,87.0,114
88,88.0,113
89,89.0,112
90,90.0,111
91,91.0,109
92,92.0,108
93,93.0,107
94,94.0,106
95,95.0,105
96,96.0,104
97,97.0,103
98,98.0,102
99,99.0,101
100,100.0,100
101,101.0,99
102,102.0,98
103,103.0,97
104,104.0,96
105,105.0,95
106,106.0,94
107,107.0,93
108,108.0,92
109,109.0,91
110,110.0,90
111,111.0,90
112,112.0,89
113,113.0,88
114,114.0,87
115,115.0,86
116,116.0,86
117,117.0,85
118,118.0,84
119,119.0,84
120,120.0,83
121,121.0,82
122,122.0,81
123,123.0,81
124,124.0,80
125,125.0,80
126,126.0,79
127,127.0,78
128,128.0,78
129,129.0,77
130,130.0,76
131,131.0,76
132,132.0,75
133,133.0,75
134,134.0,74
135,135.0,74
136,136.0,73
137,137.0,72
138,138.0,72
139,139.0,71
140,140.0,71
141,141.0,70
142,142.0,70
143,143.0,69
144,144.0,69
145,145.0,68
146,146.0,68
147,147.0,68
148,148.0,67
149,149.0,67
150,150.0,66
151,151.0,66
152,152.0,65
153,153.0,65
154,154.0,64
155,155.0,64
156,156.0,64
157,157.0,63
158,158.0,63
159,159.0,62
160,160.0,62
161,161.0,62
162,162.0,61
163,163.0,61
164,164.0,60
165,165.0,60
166,166.0,60
167,167.0,59
168,168.0,59
169,169.0,59
170,170.0,58
171,171.0,58
172,172.0,58
173,173.0,57
174,174.0,57
175,175.0,57
176,176.0,56
177,177.0,56
178,178.0,56
179,179.0,55
180,180.0,55
181,181.0,55
182,182.0,54
183,183.0,54
184,184.0,54
185,185.0,54
186,186.0,53
187,187.0,53
188,188.0,53
189,189.0,52
190,190.0,52
191,191.0,52
192,192.0,52
193,193.0,51
194,194.0,51
195,195.0,51
196,196.0,51
197,197.0,50
198,198.0,50
199,199.0,50
200,200.0,50
201,201.0,49
202,202.0,49
203,203.0,49
204,204.0,49
205,205.0,48
206,206.0,48
207,207.0,48
208,208.0,48
209,209.0,47
210,210.0,47
211,211.0,47
212,212.0,47
213,213.0,46
214,214.0,46
215,215.0,46
216,216.0,46
217,217.0,46
218,218.0,45
219,219.0,45
220,220.0,45
221,221.0,45
222,222.0,45
223,223.0,44
224,224.0,44
225,225.0,44
226,226.0,44
227,227.0,44
228,228.0,43
229,229.0,43
230,230.0,43
231,231.0,43
232,232.0,43
233,233.0,42
234,234.0,42
235,235.0,42
236,236.0,42
237,237.0,42
238,238.0,42
239,239.0,41
240,240.0,41
241,241.0,41
242,242.0,41
243,243.0,41
244,244.0,40
245,245.0,40
246,246.0,40
247,247.0,40
248,248.0,40
249,249.0,40
250,250.0,40
251,251.0,39
252,252.0,39
253,253.0,39
254,254.0,39
255,255.0,39
256,256.0,39
257,257.0,38
258,258.0,38
259,259.0,38
260,260.0,38
261,261.0,38
262,262.0,38
263,263.0,38
264,264.0,37
265,265.0,37
266,266.0,37
267,267.0,37
268,268.0,37
269,269.0,37
270,270.0,37
271,271.0,36
272,272.0,36
273,273.0,36
274,274.0,36
275,275.0,36
276,276.0,36
277,277.0,36
278,278.0,35
279,279.0,35
280,280.0,35
281,281.0,35
282,282.0,35
283,283.0,35
284,284.0,35
285,285.0,35
286,286.0,34
287,287.0,34
288,288.0,34
289,289.0,34
290,290.0,34
291,291.0,34
292,292.0,34
293,293.0,34
294,294.0,34
295,295.0,33
296,296.0,33
297,297.0,33
298,298.0,33
299,299.0,33
300,300.0,33
301,301.0,33
302,302.0,33
303,303.0,33
304,304.0,32
305,305.0,32
306,306.0,32
307,307.0,32
308,308.0,32
309,309.0,32
310,310.0,32
311,311.0,32
312,312.0,32
313,313.0,31
314,314.0,31
315,315.0,31
316,316.0,31
317,317.0,31
318,318.0,31
319,319.0,31
320,320.0,31
321,321.0,31
322,322.0,31
323,323.0,30
324,324.0,30
325,325.0,30
326,326.0,30
327,327.0,30
328,328.0,30
329,329.0,30
330,330.0,30
331,331.0,30
332,332.0,30
333,333.0,30
334,334.0,29
335,335.0,29
336,336.0,29
337,337.0,29
338,338.0,29
339,339.0,29
340,340.0,29
341,341.0,29
342,342.0,29
343,343.0,29
344,344.0,29
345,345.0,28
346,346.0,28
347,347.0,28
348,348.0,28
349,349.0,28
350,350.0,28
351,351.0,28
352,352.0,28
353,353.0,28
354,354.0,28
355,355.0,28
356,356.0,28
357,357.0,28
358,358.0,27
359,359.0,27
360,360.0,27
361,361.0,27
362,362.0,27
363,363.0,27
364,364.0,27
365,365.0,27
366,366.0,27
367,367.0,27
368,368.0,27
369,369.0,27
370,370.0,27
371,371.0,26
372,372.0,26
373,373.0,26
374,374.0,26
375,375.0,26
376,376.0,26
377,377.0,26
378,378.0,26
379,379.0,26
380,380.0,26
381,381.0,26
382,382.0,26
383,383.0,26
384,384.0,26
385,385.0,25
386,386.0,25
387,387.0,25
388,388.0,25
389,389.0,25
390,390.0,25
391,391.0,25
392,392.0,25
393,393.0,25
394,394.0,25
395,395.0,25
396,396.0,25
397,397.0,25
398,398.0,25
399,399.0,25
400,400.0,25
401,401.0,24
402,402.0,24
403,403.0,24
404,404.0,24
405,405.0,24
406,406.0,24
407,407.0,24
408,408.0,24
409,409.0,24
410,410.0,24
411,411.0,24
412,412.0,24
413,413.0,24
414,414.0,24
415,415.0,24
416,416.0,24
417,417.0,23
418,418.0,23
419,419.0,23
420,420.0,23
421,421.0,23
422,422.0,23
423,423.0,23
424,424.0,23
425,425.0,23
426,426.0,23
427,427.0,23
428,428.0,23
429,429.0,23
430,430.0,23
431,431.0,23
432,432.0,23
433,433.0,23
434,434.0,23
435,435.0,22
436,436.0,22
437,437.0,22
438,438.0,22
439,439.0,22
440,440.0,22
441,441.0,22
442,442.0,22
443,443.0,22
444,444.0,22
445,445.0,22
446,446.0,22
447,447.0,22
448,448.0,22
449,449.0,22
450,450.0,22
451,451.0,22
452,452.0,22
453,453.0,22
454,454.0,22
455,455.0,21
456,456.0,21
457,457.0,21
458,458.0,21
459,459.0,21
460,460.0,21
461,461.0,21
462,462.0,21
463,463.0,21
464,464.0,21
465,465.0,21
466,466.0,21
467,467.0,21
468,468.0,21
469,469.0,21
470,470.0,21
471,471.0,21
472,472.0,21
473,473.0,21
474,474.0,21
475,475.0,21
476,476.0,21
477,477.0,20
478,478.0,20
479,479.0,20
480,480.0,20
481,481.0,20
482,482.0,20
483,483.0,20
484,484.0,20
485,485.0,20
486,486.0,20
487,487.0,20
488,488.0,20
489,489.0,20
490,490.0,20
491,491.0,20
492,492.0,20
493,493.0,20
494,494.0,20
495,495.0,20
496,496.0,20
497,497.0,20
498,498.0,20
499,499.0,20
500,500.0,20
501,501.0,19
502,502.0,19
503,503.0,19
504,504.0,19
505,505.0,19
506,506.0,19
507,507.0,19
508,508.0,19
509,509.0,19
510,510.0,19
511,511.0,19
512,512.0,19
513,513.0,19
514,514.0,19
515,515.0,19
516,516.0,19
517,517.0,19
518,518.0,19
519,519.0,19
520,520.0,19
521,521.0,19
522,522.0,19
523,523.0,19
524,524.0,19
525,525.0,19
526,526.0,19
527,527.0,18
528,528.0,18
529,529.0,18
530,530.0,18
531,531.0,18
532,532.0,18
533,533.0,18
534,534.0,18
535,535.0,18
536,536.0,18
537,537.0,18
538,538.0,18
539,539.0,18
540,540.0,18
541,541.0,18
542,542.0,18
543,543.0,18
544,544.0,18
545,545.0,18
546,546.0,18
547,547.0,18
548,548.0,18
549,549.0,18
550,550.0,18
551,551.0,18
552,552.0,18
553,553.0,18
554,554.0,18
555,555.0,18
556,556.0,17
557,557.0,17
558,558.0,17
559,559.0,17
560,560.0,17
561,561.0,17
562,562.0,17
563,563.0,17
564,564.0,17
565,565.0,17
566,566.0,17
567,567.0,17
568,568.0,17
569,569.0,17
570,570.0,17
571,571.0,17
572,572.0,17
573,573.0,17
574,574.0,17
575,575.0,17
576,576.0,17
577,577.0,17
578,578.0,17
579,579.0,17
580,580.0,17
581,581.0,17
582,582.0,17
583,583.0,17
584,584.0,17
585,585.0,17
586,586.0,17
587,587.0,17
588,588.0,17
589,589.0,16
590,590.0,16
591,591.0,16
592,592.0,16
593,593.0,16
594,594.0,16
595,595.0,16
596,596.0,16
597,597.0,16
598,598.0,16
599,599.0,16
600,600.0,16
601,601.0,16
602,602.0,16
603,603.0,16
604,604.0,16
605,605.0,16
606,606.0,16
607,607.0,16
608,608.0,16
609,609.0,16
610,610.0,16
611,611.0,16
612,612.0,16
613,613.0,16
614,614.0,16
615,615.0,16
616,616.0,16
617,617.0,16
618,618.0,16
619,619.0,16
620,620.0,16
621,621.0,16
622,622.0,16
623,623.0,16
624,624.0,16
625,625.0,16
626,626.0,15
627,627.0,15
628,628.0,15
629,629.0,15
630,630.0,15
631,631.0,15
632,632.0,15
633,633.0,15
634,634.0,15
635,635.0,15
636,636.0,15
637,637.0,15
638,638.0,15
639,639.0,15
640,640.0,15
641,641.0,15
642,642.0,15
643,643.0,15
644,644.0,15
645,645.0,15
646,646.0,15
647,647.0,15
648,648.0,15
649,649.0,15
650,650.0,15
651,651.0,15
652,652.0,15
653,653.0,15
654,654.0,15
655,655.0,15
656,656.0,15
657,657.0,15
658,658.0,15
659,659.0,15
660,660.0,15
661,661.0,15
662,662.0,15
663,663.0,15
664,664.0,15
665,665.0,15
666,666.0,15
667,667.0,14
668,668.0,14
669,669.0,14
670,670.0,14
671,671.0,14
672,672.0,14
673,673.0,14
674,674.0,14
675,675.0,14
676,676.0,14
677,677.0,14
678,678.0,14
679,679.0,14
680,680.0,14
681,681.0,14
682,682.0,14
683,683.0,14
684,684.0,14
685,685.0,14
686,686.0,14
687,687.0,14
688,688.0,14
689,689.0,14
690,690.0,14
691,691.0,14
692,692.0,14
693,693.0,14
694,694.0,14
695,695.0,14
696,696.0,14
697,697.0,14
698,698.0,14
699,699.0,14
700,700.0,14
701,701.0,14
702,702.0,14
703,703.0,14
704,704.0,14
705,705.0,14
706,706.0,14
707,707.0,14
708,708.0,14
709,709.0,14
710,710.0,14
711,711.0,14
712,712.0,14
713,713.0,14
714,714.0,14
715,715.0,13
716,716.0,13
717,717.0,13
718,718.0,13
719,719.0,13
720,720.0,13
721,721.0,13
722,722.0,13
723,723.0,13
724,724.0,13
725,725.0,13
726,726.0,13
727,727.0,13
728,728.0,13
729,729.0,13
730,730.0,13
731,731.0,13
732,732.0,13
733,733.0,13
734,734.0,13
735,735.0,13
736,736.0,13
737,737.0,13
738,738.0,13
739,739.0,13
740,740.0,13
741,741.0,13
742,742.0,13
743,743.0,13
744,744.0,13
745,745.0,13
746,746.0,13
747,747.0,13
748,748.0,13
749,749.0,13
750,750.0,13
751,751.0,13
752,752.0,13
753,753.0,13
754,754.0,13
755,755.0,13
756,756.0,13
757,757.0,13
758,758.0,13
759,759.0,13
760,760.0,13
761,761.0,13
762,762.0,13
763,763.0,13
764,764.0,13
765,765.0,13
766,766.0,13
767,767.0,13
768,768.0,13
769,769.0,13
770,770.0,12
771,771.0,12
772,772.0,12
773,773.0,12
774,774.0,12
775,775.0,12
776,776.0,12
777,777.0,12
778,778.0,12
779,779.0,12
780,780.0,12
781,781.0,12
782,782.0,12
783,783.0,12
784,784.0,12
785,785.0,12
786,786.0,12
787,787.0,12
788,788.0,12
789,789.0,12
790,790.0,12
791,791.0,12
792,792.0,12
793,793.0,12
794,794.0,12
795,795.0,12
796,796.0,12
797,797.0,12
798,798.0,12
799,799.0,12
800,800.0,12
801,801.0,12
802,802.0,12
803,803.0,12
804,804.0,12
805,805.0,12
806,806.0,12
807,807.0,12
808,808.0,12
809,809.0,12
810,810.0,12
811,811.0,12
812,812.0,12
813,813.0,12
814,814.0,12
815,815.0,12
816,816.0,12
817,817.0,12
818,818.0,12
819,819.0,12
820,820.0,12
821,821.0,12
822,822.0,12
823,823.0,12
824,824.0,12
825,825.0,12
826,826.0,12
827,827.0,12
828,828.0,12
829,829.0,12
830,830.0,12
831,831.0,12
832,832.0,12
833,833.0,12
834,834.0,11
835,835.0,11
836,836.0,11
837,837.0,11
838,838.0,11
839,839.0,11
840,840.0,11
841,841.0,11
842,842.0,11
843,843.0,11
844,844.0,11
845,845.0,11
846,846.0,11
847,847.0,11
848,848.0,11
849,849.0,11
850,850.0,11
851,851.0,11
852,852.0,11
853,853.0,11
854,854.0,11
855,855.0,11
856,856.0,11
857,857.0,11
858,858.0,11
859,859.0,11
860,860.0,11
861,861.0,11
862,862.0,11
863,863.0,11
864,864.0,11
865,865.0,11
866,866.0,11
867,867.0,11
868,868.0,11
869,869.0,11
870,870.0,11
871,871.0,11
872,872.0,11
873,873.0,11
874,874.0,11
875,875.0,11
876,876.0,11
877,877.0,11
878,878.0,11
879,879.0,11
880,880.0,11
881,881.0,11
882,882.0,11
883,883.0,11
884,884.0,11
885,885.0,11
886,886.0,11
887,887.0,11
888,888.0,11
889,889.0,11
890,890.0,11
891,891.0,11
892,892.0,11
893,893.0,11
894,894.0,11
895,895.0,11
896,896.0,11
897,897.0,11
898,898.0,11
899,899.0,11
900,900.0,11
901,901.0,11
902,902.0,11
903,903.0,11
904,904.0,11
905,905.0,11
906,906.0,11
907,907.0,11
908,908.0,11
909,909.0,11
910,910.0,10
911,911.0,10
912,912.0,10
913,913.0,10
914,914.0,10
915,915.0,10
916,916.0,10
917,917.0,10
918,918.0,10
919,919.0,10
920,920.0,10
921,921.0,10
922,922.0,10
923,923.0,10
924,924.0,10
925,925.0,10
926,926.0,10
927,927.0,10
928,928.0,10
929,929.0,10
930,930.0,10
931,931.0,10
932,932.0,10
933,933.0,10
934,934.0,10
935,935.0,10
936,936.0,10
937,937.0,10
938,938.0,10
939,939.0,10
940,940.0,10
941,941.0,10
942,942.0,10
943,943.0,10
944,944.0,10
945,945.0,10
946,946.0,10
947,947.0,10
948,948.0,10
949,949.0,10
950,950.0,10
951,951.0,10
952,952.0,10
953,953.0,10
954,954.0,10
955,955.0,10
956,956.0,10
957,957.0,10
958,958.0,10
959,959.0,10
960,960.0,10
961,961.0,10
962,962.0,10
963,963.0,10
964,964.0,10
965,965.0,10
966,966.0,10
967,967.0,10
968,968.0,10
969,969.0,10
970,970.0,10
971,971.0,10
972,972.0,10
973,973.0,10
974,974.0,10
975,975.0,10
976,976.0,10
977,977.0,10
978,978.0,10
979,979.0,10
980,980.0,10
981,981.0,10
982,982.0,10
983,983.0,10
984,984.0,10
985,985.0,10
986,986.0,10
987,987.0,10
988,988.0,10
989,989.0,10
990,990.0,10
991,991.0,10
992,992.0,10
993,993.0,10
994,994.0,10
995,995.0,10
996,996.0,10
997,997.0,10
998,998.0,10
999,999.0,10
1000,1000.0,10
1001,1001.0,9
1002,1002.0,9
1003,1003.0,9
1004,1004.0,9
1005,1005.0,9
1006,1006.0,9
1007,1007.0,9
1008,1008.0,9
1009,1009.0,9
1010,1010.0,9
1011,1011.0,9
1012,1012.0,9
1013,1013.0,9
1014,1014.0,9
1015,1015.0,9
1016,1016.0,9
1017,1017.0,9
1018,1018.0,9
1019,1019.0,9
1020,1020.0,9
1021,1021.0,9
1022,1022.0,9
1023,1023.0,9
1024,1024.0,9
1025,1025.0,9
1026,1026.0,9
1027,1027.0,9
1028,1028.0,9
1029,1029.0,9
1030,1030.0,9
1031,1031.0,9
1032,1032.0,9
1033,1033.0,9
1034,1034.0,9
1035,1035.0,9
1036,1036.0,9
1037,1037.0,9
1038,1038.0,9
1039,1039.0,9
1040,1040.0,9
1041,1041.0,9
1042,1042.0,9
1043,1043.0,9
1044,1044.0,9
1045,1045.0,9
1046,1046.0,9
1047,1047.0,9
1048,1048.0,9
1049,1049.0,9
1050,1050.0,9
1051,1051.0,9
1052,1052.0,9
1053,1053.0,9
1054,1054.0,9
1055,1055.0,9
1056,1056.0,9
1057,1057.0,9
1058,1058.0,9
1059,1059.0,9
1060,1060.0,9
1061,1061.0,9
1062,1062.0,9
1063,1063.0,9
1064,1064.0,9
1065,1065.0,9
1066,1066.0,9
1067,1067.0,9
1068,1068.0,9
1069,1069.0,9
1070,1070.0,9
1071,1071.0,9
1072,1072.0,9
1073,1073.0,9
1074,1074.0,9
1075,1075.0,9
1076,1076.0,9
1077,1077.0,9
1078,1078.0,9
1079,1079.0,9
1080,1080.0,9
1081,1081.0,9
1082,1082.0,9
1083,1083.0,9
1084,1084.0,9
1085,1085.0,9
1086,1086.0,9
1087,1087.0,9
1088,1088.0,9
1089,1089.0,9
1090,1090.0,9
1091,1091.0,9
1092,1092.0,9
1093,1093.0,9
1094,1094.0,9
1095,1095.0,9
1096,1096.0,9
1097,1097.0,9
1098,1098.0,9
1099,1099.0,9
1100,1100.0,9
1101,1101.0,9
1102,1102.0,9
1103,1103.0,9
1104,1104.0,9
1105,1105.0,9
1106,1106.0,9
1107,1107.0,9
1108,1108.0,9
1109,1109.0,9
1110,1110.0,9
1111,1111.0,9
1112,1112.0,8
1113,1113.0,8
1114,1114.0,8
1115,1115.0,8
1116,1116.0,8
1117,1117.0,8
1118,1118.0,8
1119,1119.0,8
1120,1120.0,8
1121,1121.0,8
1122,1122.0,8
1123,1123.0,8
1124,1124.0,8
1125,1125.0,8
1126,1126.0,8
1127,1127.0,8
1128,1128.0,8
1129,1129.0,8
1130,1130.0,8
1131,1131.0,8
1132,1132.0,8
1133,1133.0,8
1134,1134.0,8
1135,1135.0,8
1136,1136.0,8
1137,1137.0,8
1138,1138.0,8
1139,1139.0,8
1140,1140.0,8
1141,1141.0,8
1142,1142.0,8
1143,1143.0,8
1144,1144.0,8
1145,1145.0,8
1146,1146.0,8
1147,1147.0,8
1148,1148.0,8
1149,1149.0,8
1150,1150.0,8
1151,1151.0,8
1152,1152.0,8
1153,1153.0,8
1154,1154.0,8
1155,1155.0,8
1156,1156.0,8
1157,1157.0,8
1158,1158.0,8
1159,1159.0,8
1160,1160.0,8
1161,1161.0,8
1162,1162.0,8
1163,1163.0,8
1164,1164.0,8
1165,1165.0,8
1166,1166.0,8
1167,1167.0,8
1168,1168.0,8
1169,1169.0,8
1170,1170.0,8
1171,1171.0,8
1172,1172.0,8
1173,1173.0,8
1174,1174.0,8
1175,1175.0,8
1176,1176.0,8
1177,1177.0,8
1178,1178.0,8
1179,1179.0,8
1180,1180.0,8
1181,1181.0,8
1182,1182.0,8
1183,1183.0,8
1184,1184.0,8
1185,1185.0,8
1186,1186.0,8
1187,1187.0,8
1188,1188.0,8
1189,1189.0,8
1190,1190.0,8
1191,1191.0,8
1192,1192.0,8
1193,1193.0,8
1194,1194.0,8
1195,1195.0,8
1196,1196.0,8
1197,1197.0,8
1198,1198.0,8
1199,1199.0,8
1200,1200.0,8
1201,1201.0,8
1202,1202.0,8
1203,1203.0,8
1204,1204.0,8
1205,1205.0,8
1206,1206.0,8
1207,1207.0,8
1208,1208.0,8
1209,1209.0,8
1210,1210.0,8
1211,1211.0,8
1212,1212.0,8
1213,1213.0,8
1214,1214.0,8
1215,1215.0,8
1216,1216.0,8
1217,1217.0,8
1218,1218.0,8
1219,1219.0,8
1220,1220.0,8
1221,1221.0,8
1222,1222.0,8
1223,1223.0,8
1224,1224.0,8
1225,1225.0,8
1226,1226.0,8
1227,1227.0,8
1228,1228.0,8
1229,1229.0,8
1230,1230.0,8
1231,1231.0,8
1232,1232.0,8
1233,1233.0,8
1234,1234.0,8
1235,1235.0,8
1236,1236.0,8
1237,1237.0,8
1238,1238.0,8
1239,1239.0,8
1240,1240.0,8
1241,1241.0,8
1242,1242.0,8
1243,1243.0,8
1244,1244.0,8
1245,1245.0,8
1246,1246.0,8
1247,1247.0,8
1248,1248.0,8
1249,1249.0,8
1250,1250.0,8
1251,1251.0,7
1252,1252.0,7
1253,1253.0,7
1254,1254.0,7
1255,1255.0,7
1256,1256.0,7
1257,1257.0,7
1258,1258.0,7
1259,1259.0,7
1260,1260.0,7
1261,1261.0,7
1262,1262.0,7
1263,1263.0,7
1264,1264.0,7
1265,1265.0,7
1266,1266.0,7
1267,1267.0,7
1268,1268.0,7
1269,1269.0,7
1270,1270.0,7
1271,1271.0,7
1272,1272.0,7
1273,1273.0,7
1274,1274.0,7
1275,1275.0,7
1276,1276.0,7
1277,1277.0,7
1278,1278.0,7
1279,1279.0,7
1280,1280.0,7
1281,1281.0,7
1282,1282.0,7
1283,1283.0,7
1284,1284.0,7
1285,1285.0,7
1286,1286.0,7
1287,1287.0,7
1288,1288.0,7
1289,1289.0,7
1290,1290.0,7
1291,1291.0,7
1292,1292.0,7
1293,1293.0,7
1294,1294.0,7
1295,1295.0,7
1296,1296.0,7
1297,1297.0,7
1298,1298.0,7
1299,1299.0,7
1300,1300.0,7
1301,1301.0,7
1302,1302.0,7
1303,1303.0,7
1304,1304.0,7
1305,1305.0,7
1306,1306.0,7
1307,1307.0,7
1308,1308.0,7
1309,1309.0,7
1310,1310.0,7
1311,1311.0,7
1312,1312.0,7
1313,1313.0,7
1314,1314.0,7
1315,1315.0,7
1316,1316.0,7
1317,1317.0,7
1318,1318.0,7
1319,1319.0,7
1320,1320.0,7
1321,1321.0,7
1322,1322.0,7
1323,1323.0,7
1324,1324.0,7
1325,1325.0,7
1326,1326.0,7
1327,1327.0,7
1328,1328.0,7
1329,1329.0,7
1330,1330.0,7
1331,1331.0,7
1332,1332.0,7
1333,1333.0,7
1334,1334.0,7
1335,1335.0,7
1336,1336.0,7
1337,1337.0,7
1338,1338.0,7
1339,1339.0,7
1340,1340.0,7
1341,1341.0,7
1342,1342.0,7
1343,1343.0,7
1344,1344.0,7
1345,1345.0,7
1346,1346.0,7
1347,1347.0,7
1348,1348.0,7
1349,1349.0,7
1350,1350.0,7
1351,1351.0,7
1352,1352.0,7
1353,1353.0,7
1354,1354.0,7
1355,1355.0,7
1356,1356.0,7
1357,1357.0,7
1358,1358.0,7
1359,1359.0,7
1360,1360.0,7
1361,1361.0,7
1362,1362.0,7
1363,1363.0,7
1364,1364.0,7
1365,1365.0,7
1366,1366.0,7
1367,1367.0,7
1368,1368.0,7
1369,1369.0,7
1370,1370.0,7
1371,1371.0,7
1372,1372.0,7
1373,1373.0,7
1374,1374.0,7
1375,1375.0,7
1376,1376.0,7
1377,1377.0,7
1378,1378.0,7
1379,1379.0,7
1380,1380.0,7
1381,1381.0,7
1382,1382.0,7
1383,1383.0,7
1384,1384.0,7
1385,1385.0,7
1386,1386.0,7
1387,1387.0,7
1388,1388.0,7
1389,1389.0,7
1390,1390.0,7
1391,1391.0,7
1392,1392.0,7
1393,1393.0,7
1394,1394.0,7
1395,1395.0,7
1396,1396.0,7
1397,1397.0,7
1398,1398.0,7
1399,1399.0,7
1400,1400.0,7
1401,1401.0,7
1402,1402.0,7
1403,1403.0,7
1404,1404.0,7
1405,1405.0,7
1406,1406.0,7
1407,1407.0,7
1408,1408.0,7
1409,1409.0,7
1410,1410.0,7
1411,1411.0,7
1412,1412.0,7
1413,1413.0,7
1414,1414.0,7
1415,1415.0,7
1416,1416.0,7
1417,1417.0,7
1418,1418.0,7
1419,1419.0,7
1420,1420.0,7
1421,1421.0,7
1422,1422.0,7
1423,1423.0,7
1424,1424.0,7
1425,1425.0,7
1426,1426.0,7
1427,1427.0,7
1428,1428.0,7
1429,1429.0,6
1430,1430.0,6
1431,1431.0,6
1432,1432.0,6
1433,1433.0,6
1434,1434.0,6
1435,1435.0,6
1436,1436.0,6
1437,1437.0,6
1438,1438.0,6
1439,1439.0,6
1440,1440.0,6
1441,1441.0,6
1442,1442.0,6
1443,1443.0,6
1444,1444.0,6
1445,1445.0,6
1446,1446.0,6
1447,1447.0,6
1448,1448.0,6
1449,1449.0,6
1450,1450.0,6
1451,1451.0,6
1452,1452.0,6
1453,1453.0,6
1454,1454.0,6
1455,1455.0,6
1456,1456.0,6
1457,1457.0,6
1458,1458.0,6
1459,1459.0,6
1460,1460.0,6
1461,1461.0,6
1462,1462.0,6
1463,1463.0,6
1464,1464.0,6
1465,1465.0,6
1466,1466.0,6
1467,1467.0,6
1468,1468.0,6
1469,1469.0,6
1470,1470.0,6
1471,1471.0,6
1472,1472.0,6
1473,1473.0,6
1474,1474.0,6
1475,1475.0,6
1476,1476.0,6
1477,1477.0,6
1478,1478.0,6
1479,1479.0,6
1480,1480.0,6
1481,1481.0,6
1482,1482.0,6
1483,1483.0,6
1484,1484.0,6
1485,1485.0,6
1486,1486.0,6
1487,1487.0,6
1488,1488.0,6
1489,1489.0,6
1490,1490.0,6
1491,1491.0,6
1492,1492.0,6
1493,1493.0,6
1494,1494.0,6
1495,1495.0,6
1496,1496.0,6
1497,1497.0,6
1498,1498.0,6
1499,1499.0,6
1500,1500.0,6
1501,1501.0,6
1502,1502.0,6
1503,1503.0,6
1504,1504.0,6
1505,1505.0,6
1506,1506.0,6
1507,1507.0,6
1508,1508.0,6
1509,1509.0,6
1510,1510.0,6
1511,1511.0,6
1512,1512.0,6
1513,1513.0,6
1514,1514.0,6
1515,1515.0,6
1516,1516.0,6
1517,1517.0,6
1518,1518.0,6
1519,1519.0,6
1520,1520.0,6
1521,1521.0,6
1522,1522.0,6
1523,1523.0,6
1524,1524.0,6
1525,1525.0,6
1526,1526.0,6
1527,1527.0,6
1528,1528.0,6
1529,1529.0,6
1530,1530.0,6
1531,1531.0,6
1532,1532.0,6
1533,1533.0,6
1534,1534.0,6
1535,1535.0,6
1536,1536.0,6
1537,1537.0,6
1538,1538.0,6
1539,1539.0,6
1540,1540.0,6
1541,1541.0,6
1542,1542.0,6
1543,1543.0,6
1544,1544.0,6
1545,1545.0,6
1546,1546.0,6
1547,1547.0,6
1548,1548.0,6
1549,1549.0,6
1550,1550.0,6
1551,1551.0,6
1552,1552.0,6
1553,1553.0,6
1554,1554.0,6
1555,1555.0,6
1556,1556.0,6
1557,1557.0,6
1558,1558.0,6
1559,1559.0,6
1560,1560.0,6
1561,1561.0,6
1562,1562.0,6
1563,1563.0,6
1564,1564.0,6
1565,1565.0,6
1566,1566.0,6
1567,1567.0,6
1568,1568.0,6
1569,1569.0,6
1570,1570.0,6
1571,1571.0,6
1572,1572.0,6
1573,1573.0,6
1574,1574.0,6
1575,1575.0,6
1576,1576.0,6
1577,1577.0,6
1578,1578.0,6
1579,1579.0,6
1580,1580.0,6
1581,1581.0,6
1582,1582.0,6
1583,1583.0,6
1584,1584.0,6
1585,1585.0,6
1586,1586.0,6
1587,1587.0,6
1588,1588.0,6
1589,1589.0,6
1590,1590.0,6
1591,1591.0,6
1592,1592.0,6
1593,1593.0,6
1594,1594.0,6
1595,1595.0,6
1596,1596.0,6
1597,1597.0,6
1598,1598.0,6
1599,1599.0,6
1600,1600.0,6
1601,1601.0,6
1602,1602.0,6
1603,1603.0,6
1604,1604.0,6
1605,1605.0,6
1606,1606.0,6
1607,1607.0,6
1608,1608.0,6
1609,1609.0,6
1610,1610.0,6
1611,1611.0,6
1612,1612.0,6
1613,1613.0,6
1614,1614.0,6
1615,1615.0,6
1616,1616.0,6
1617,1617.0,6
1618,1618.0,6
1619,1619.0,6
1620,1620.0,6
1621,1621.0,6
1622,1622.0,6
1623,1623.0,6
1624,1624.0,6
1625,1625.0,6
1626,1626.0,6
1627,1627.0,6
1628,1628.0,6
1629,1629.0,6
1630,1630.0,6
1631,1631.0,6
1632,1632.0,6
1633,1633.0,6
1634,1634.0,6
1635,1635.0,6
1636,1636.0,6
1637,1637.0,6
1638,1638.0,6
1639,1639.0,6
1640,1640.0,6
1641,1641.0,6
1642,1642.0,6
1643,1643.0,6
1644,1644.0,6
1645,1645.0,6
1646,1646.0,6
1647,1647.0,6
1648,1648.0,6
1649,1649.0,6
1650,1650.0,6
1651,1651.0,6
1652,1652.0,6
1653,1653.0,6
1654,1654.0,6
1655,1655.0,6
1656,1656.0,6
1657,1657.0,6
1658,1658.0,6
1659,1659.0,6
1660,1660.0,6
1661,1661.0,6
1662,1662.0,6
1663,1663.0,6
1664,1664.0,6
1665,1665.0,6
1666,1666.0,6
1667,1667.0,5
1668,1668.0,5
1669,1669.0,5
1670,1670.0,5
1671,1671.0,5
1672,1672.0,5
1673,1673.0,5
1674,1674.0,5
1675,1675.0,5
1676,1676.0,5
1677,1677.0,5
1678,1678.0,5
1679,1679.0,5
1680,1680.0,5
1681,1681.0,5
1682,1682.0,5
1683,1683.0,5
1684,1684.0,5
1685,1685.0,5
1686,1686.0,5
1687,1687.0,5
1688,1688.0,5
1689,1689.0,5
1690,1690.0,5
1691,1691.0,5
1692,1692.0,5
1693,1693.0,5
1694,1694.0,5
1695,1695.0,5
1696,1696.0,5
1697,1697.0,5
1698,1698.0,5
1699,1699.0,5
1700,1700.0,5
1701,1701.0,5
1702,1702.0,5
1703,1703.0,5
1704,1704.0,5
1705,1705.0,5
1706,1706.0,5
1707,1707.0,5
1708,1708.0,5
1709,1709.0,5
1710,1710.0,5
1711,1711.0,5
1712,1712.0,5
1713,1713.0,5
1714,1714.0,5
1715,1715.0,5
1716,1716.0,5
1717,1717.0,5
1718,1718.0,5
1719,1719.0,5
1720,1720.0,5
1721,1721.0,5
1722,1722.0,5
1723,1723.0,5
1724,1724.0,5
1725,1725.0,5
1726,1726.0,5
1727,1727.0,5
1728,1728.0,5
1729,1729.0,5
1730,1730.0,5
1731,1731.0,5
1732,1732.0,5
1733,1733.0,5
1734,1734.0,5
1735,1735.0,5
1736,1736.0,5
1737,1737.0,5
1738,1738.0,5
1739,1739.0,5
1740,1740.0,5
1741,1741.0,5
1742,1742.0,5
1743,1743.0,5
1744,1744.0,5
1745,1745.0,5
1746,1746.0,5
1747,1747.0,5
1748,1748.0,5
1749,1749.0,5
1750,1750.0,5
1751,1751.0,5
1752,1752.0,5
1753,1753.0,5
1754,1754.0,5
1755,1755.0,5
1756,1756.0,5
1757,1757.0,5
1758,1758.0,5
1759,1759.0,5
1760,1760.0,5
1761,1761.0,5
1762,1762.0,5
1763,1763.0,5
1764,1764.0,5
1765,1765.0,5
1766,1766.0,5
1767,1767.0,5
1768,1768.0,5
1769,1769.0,5
1770,1770.0,5
1771,1771.0,5
1772,1772.0,5
1773,1773.0,5
1774,1774.0,5
1775,1775.0,5
1776,1776.0,5
1777,1777.0,5
1778,1778.0,5
1779,1779.0,5
1780,1780.0,5
1781,1781.0,5
1782,1782.0,5
1783,1783.0,5
1784,1784.0,5
1785,1785.0,5
1786,1786.0,5
1787,1787.0,5
1788,1788.0,5
1789,1789.0,5
1790,1790.0,5
1791,1791.0,5
1792,1792.0,5
1793,1793.0,5
1794,1794.0,5
1795,1795.0,5
1796,1796.0,5
1797,1797.0,5
1798,1798.0,5
1799,1799.0,5
1800,1800.0,5
1801,1801.0,5
1802,1802.0,5
1803,1803.0,5
1804,1804.0,5
1805,1805.0,5
1806,1806.0,5
1807,1807.0,5
1808,1808.0,5
1809,1809.0,5
1810,1810.0,5
1811,1811.0,5
1812,1812.0,5
1813,1813.0,5
1814,1814.0,5
1815,1815.0,5
1816,1816.0,5
1817,1817.0,5
1818,1818.0,5
1819,1819.0,5
1820,1820.0,5
1821,1821.0,5
1822,1822.0,5
1823,1823.0,5
1824,1824.0,5
1825,1825.0,5
1826,1826.0,5
1827,1827.0,5
1828,1828.0,5
1829,1829.0,5
1830,1830.0,5
1831,1831.0,5
1832,1832.0,5
1833,1833.0,5
1834,1834.0,5
1835,1835.0,5
1836,1836.0,5
1837,1837.0,5
1838,1838.0,5
1839,1839.0,5
1840,1840.0,5
1841,1841.0,5
1842,1842.0,5
1843,1843.0,5
1844,1844.0,5
1845,1845.0,5
1846,1846.0,5
1847,1847.0,5
1848,1848.0,5
1849,1849.0,5
1850,1850.0,5
1851,1851.0,5
1852,1852.0,5
1853,1853.0,5
1854,1854.0,5
1855,1855.0,5
1856,1856.0,5
1857,1857.0,5
1858,1858.0,5
1859,1859.0,5
1860,1860.0,5
1861,1861.0,5
1862,1862.0,5
1863,1863.0,5
1864,1864.0,5
1865,1865.0,5
1866,1866.0,5
1867,1867.0,5
1868,1868.0,5
1869,1869.0,5
1870,1870.0,5
1871,1871.0,5
1872,1872.0,5
1873,1873.0,5
1874,1874.0,5
1875,1875.0,5
1876,1876.0,5
1877,1877.0,5
1878,1878.0,5
1879,1879.0,5
1880,1880.0,5
1881,1881.0,5
1882,1882.0,5
1883,1883.0,5
1884,1884.0,5
1885,1885.0,5
1886,1886.0,5
1887,1887.0,5
1888,1888.0,5
1889,1889.0,5
1890,1890.0,5
1891,1891.0,5
1892,1892.0,5
1893,1893.0,5
1894,1894.0,5
1895,1895.0,5
1896,1896.0,5
1897,1897.0,5
1898,1898.0,5
1899,1899.0,5
1900,1900.0,5
1901,1901.0,5
1902,1902.0,5
1903,1903.0,5
1904,1904.0,5
1905,1905.0,5
1906,1906.0,5
1907,1907.0,5
1908,1908.0,5
1909,1909.0,5
1910,1910.0,5
1911,1911.0,5
1912,1912.0,5
1913,1913.0,5
1914,1914.0,5
1915,1915.0,5
1916,1916.0,5
1917,1917.0,5
1918,1918.0,5
1919,1919.0,5
1920,1920.0,5
1921,1921.0,5
1922,1922.0,5
1923,1923.0,5
1924,1924.0,5
1925,1925.0,5
1926,1926.0,5
1927,1927.0,5
1928,1928.0,5
1929,1929.0,5
1930,1930.0,5
1931,1931.0,5
1932,1932.0,5
1933,1933.0,5
1934,1934.0,5
1935,1935.0,5
1936,1936.0,5
1937,1937.0,5
1938,1938.0,5
1939,1939.0,5
1940,1940.0,5
1941,1941.0,5
1942,1942.0,5
1943,1943.0,5
1944,1944.0,5
1945,1945.0,5
1946,1946.0,5
1947,1947.0,5
1948,1948.0,5
1949,1949.0,5
1950,1950.0,5
1951,1951.0,5
1952,1952.0,5
1953,1953.0,5
1954,1954.0,5
1955,1955.0,5
1956,1956.0,5
1957,1957.0,5
1958,1958.0,5
1959,1959.0,5
1960,1960.0,5
1961,1961.0,5
1962,1962.0,5
1963,1963.0,5
1964,1964.0,5
1965,1965.0,5
1966,1966.0,5
1967,1967.0,5
1968,1968.0,5
1969,1969.0,5
1970,1970.0,5
1971,1971.0,5
1972,1972.0,5
1973,1973.0,5
1974,1974.0,5
1975,1975.0,5
1976,1976.0,5
1977,1977.0,5
1978,1978.0,5
1979,1979.0,5
1980,1980.0,5
1981,1981.0,5
1982,1982.0,5
1983,1983.0,5
1984,1984.0,5
1985,1985.0,5
1986,1986.0,5
1987,1987.0,5
1988,1988.0,5
1989,1989.0,5
1990,1990.0,5
1991,1991.0,5
1992,1992.0,5
1993,1993.0,5
1994,1994.0,5
1995,1995.0,5
1996,1996.0,5
1997,1997.0,5
1998,1998.0,5
1999,1999.0,5
2000,2000.0,5
2001,2001.0,4
2002,2002.0,4
2003,2003.0,4
2004,2004.0,4
2005,2005.0,4
2006,2006.0,4
2007,2007.0,4
2008,2008.0,4
2009,2009.0,4
2010,2010.0,4
2011,2011.0,4
2012,2012.0,4
2013,2013.0,4
2014,2014.0,4
2015,2015.0,4
2016,2016.0,4
2017,2017.0,4
2018,2018.0,4
2019,2019.0,4
2020,2020.0,4
2021,2021.0,4
2022,2022.0,4
2023,2023.0,4
2024,2024.0,4
2025,2025.0,4
2026,2026.0,4
2027,2027.0,4
2028,2028.0,4
2029,2029.0,4
2030,2030.0,4
2031,2031.0,4
2032,2032.0,4
2033,2033.0,4
2034,2034.0,4
2035,2035.0,4
2036,2036.0,4
2037,2037.0,4
2038,2038.0,4
2039,2039.0,4
2040,2040.0,4
2041,2041.0,4
2042,2042.0,4
2043,2043.0,4
2044,2044.0,4
2045,2045.0,4
2046,2046.0,4
2047,2047.0,4
2048,2048.0,4
2049,2049.0,4
2050,2050.0,4
2051,2051.0,4
2052,2052.0,4
2053,2053.0,4
2054,2054.0,4
2055,2055.0,4
2056,2056.0,4
2057,2057.0,4
2058,2058.0,4
2059,2059.0,4
2060,2060.0,4
2061,2061.0,4
2062,2062.0,4
2063,2063.0,4
2064,2064.0,4
2065,2065.0,4
2066,2066.0,4
2067,2067.0,4
2068,2068.0,4
2069,2069.0,4
2070,2070.0,4
2071,2071.0,4
2072,2072.0,4
2073,2073.0,4
2074,2074.0,4
2075,2075.0,4
2076,2076.0,4
2077,2077.0,4
2078,2078.0,4
2079,2079.0,4
2080,2080.0,4
2081,2081.0,4
2082,2082.0,4
2083,2083.0,4
2084,2084.0,4
2085,2085.0,4
2086,2086.0,4
2087,2087.0,4
2088,2088.0,4
2089,2089.0,4
2090,2090.0,4
2091,2091.0,4
2092,2092.0,4
2093,2093.0,4
2094,2094.0,4
2095,2095.0,4
2096,2096.0,4
2097,2097.0,4
2098,2098.0,4
2099,2099.0,4
2100,2100.0,4
2101,2101.0,4
2102,2102.0,4
2103,2103.0,4
2104,2104.0,4
2105,2105.0,4
2106,2106.0,4
2107,2107.0,4
2108,2108.0,4
2109,2109.0,4
2110,2110.0,4
2111,2111.0,4
2112,2112.0,4
2113,2113.0,4
2114,2114.0,4
2115,2115.0,4
2116,2116.0,4
2117,2117.0,4
2118,2118.0,4
2119,2119.0,4
2120,2120.0,4
2121,2121.0,4
2122,2122.0,4
2123,2123.0,4
2124,2124.0,4
2125,2125.0,4
2126,2126.0,4
2127,2127.0,4
2128,2128.0,4
2129,2129.0,4
2130,2130.0,4
2131,2131.0,4
2132,2132.0,4
2133,2133.0,4
2134,2134.0,4
2135,2135.0,4
2136,2136.0,4
2137,2137.0,4
2138,2138.0,4
2139,2139.0,4
2140,2140.0,4
2141,2141.0,4
2142,2142.0,4
2143,2143.0,4
2144,2144.0,4
2145,2145.0,4
2146,2146.0,4
2147,2147.0,4
2148,2148.0,4
2149,2149.0,4
2150,2150.0,4
2151,2151.0,4
2152,2152.0,4
2153,2153.0,4
2154,2154.0,4
2155,2155.0,4
2156,2156.0,4
2157,2157.0,4
2158,2158.0,4
2159,2159.0,4
2160,2160.0,4
2161,2161.0,4
2162,2162.0,4
2163,2163.0,4
2164,2164.0,4
2165,2165.0,4
2166,2166.0,4
2167,2167.0,4
2168,2168.0,4
2169,2169.0,4
2170,2170.0,4
2171,2171.0,4
2172,2172.0,4
2173,2173.0,4
2174,2174.0,4
2175,2175.0,4
2176,2176.0,4
2177,2177.0,4
2178,2178.0,4
2179,2179.0,4
2180,2180.0,4
2181,2181.0,4
2182,2182.0,4
2183,2183.0,4
2184,2184.0,4
2185,2185.0,4
2186,2186.0,4
2187,2187.0,4
2188,2188.0,4
2189,2189.0,4
2190,2190.0,4
2191,2191.0,4
2192,2192.0,4
2193,2193.0,4
2194,2194.0,4
2195,2195.0,4
2196,2196.0,4
